broad_category,category_EN
Food and Beverage Services,A mobile food truck
NA,Academic advising services
NA,Acoustic and audio engineering activities
NA,Activities of airline agencies
Professional and Technical Services,"Activities of brokers' agents, auctioneers' offices"
NA,Activities of business incubators and accelerators
Personal Services,Activities of calligraphers and painters
Automative Services,Activities of car service and maintenance centers
Food and Beverage Services,Activities of caterers who provide food services
NA,Activities of investment companies
NA,Activities of providing energy measurement and verification services
Professional and Technical Services,Activities of reselling telecommunications services distributors
NA,Activities of scientific offices for pharmaceutical preparations
NA,"Activities of sculptors, painters, cartoonists and engravers"
Professional and Technical Services,Activities of shipping and shipping agencies
NA,Activities of temporary employment agencies for domestic labor services
NA,Activities of temporary employment agencies for expatriate labor services
Hospitality and Tourism,Activities of tourism and travel agencies
NA,Activities providing energy design review services
NA,Addicts rehabilitation centers
Professional and Technical Services,Advertising institutions and agencies
NA,Agents selling heavy vehicles on commission
NA,Aggregate air freight agencies
NA,Agricultural consulting services
NA,"Agricultural services include field preparation, crop processing, harvesting and other agricultural services"
Wholesale Trade,Aluminum manufacturing workshops
Personal Services,Amusement parks
NA,Animal care care and training
NA,Animal food and feed stores
NA,Application development
NA,Aquaculture in marine waters
NA,Artificial intelligence technologies
NA,Auctioneers and auction brokers for all commodities
NA,Auctions in non-stores
Professional and Technical Services,Authorized air freight agencies
NA,Auto blacksmith workshops
Automative Services,Auto electrical repair
Wholesale Trade,Auto parts turning activities
Automative Services,Auto scale
Automative Services,Automotive hydraulic repair
Automative Services,Automotive machinery repair
Automative Services,Automotive mechanical and electrical repair
Hospitality and Tourism,Bicycle rental and rental
Personal Services,Bicycle repair
Personal Services,Blacksmith workshops
NA,Booking and marketing tourist accommodation units
NA,Bowling alleys
NA,Branches of foreign commercial banks
NA,Brokerage in the sale of aircraft spare parts and simulators
Real Estate and Construction Services,Building finishing
Personal Services,Building maintenance services activities
Real Estate and Construction Services,"Buying and selling land and real estate, dividing it, and off-plan sales activities"
NA,Cable and satellite programs and other subscription services
Food and Beverage Services,Cafeteria buffets
Automative Services,Car air conditioner repair
Automative Services,Car axles and brakes repair
Automative Services,"Car body shops, including rust treatment"
Automative Services,Car electronics repair
Automative Services,Car exhaust repair
NA,Car gear repair
Automative Services,Car glass repair and installation
NA,Car painting and painting workshops
NA,Car rental brokers
NA,Car rental with driver
Automative Services,Car seat repair
NA,Car stores
NA,Car transportation
Automative Services,Car washing and lubrication
Real Estate and Construction Services,"Care and maintenance of building landscapes, home gardens, roof gardens, facades of private buildings, etc"
NA,Care and maintenance of parks and gardens for public housing purposes
NA,Care homes with accommodation for people with special needs
Personal Services,Carpentry workshops in general
NA,Carpet manufacturing includes prayer and travel rugs
NA,"Cast iron industry, including steel and cast iron castings"
NA,Center for Private Educational Supervision and Training
NA,Center for Telecare and Telemedicine
NA,Center for psychological treatment and rehabilitation
NA,Centers for prosthetics and orthotics
Food and Beverage Services,Central markets for food and consumer goods
Automative Services,Change oils
NA,Charitable activities include fundraising or other support activities within the scope of social work
NA,Chemical and petroleum products laboratories include inorganic materials such as testing gold and precious stones
Personal Services,Children's salons
NA,Cleaning new buildings after construction
NA,Cleaning services activities for government buildings
Professional and Technical Services,"Closely or remotely monitor electronic alarm systems, such as theft or fire alarm systems, including their maintenance"
NA,Co-ed primary education includes community schools
NA,Co-ed secondary education includes community schools
NA,Coating varieties of products with precious metals
Food and Beverage Services,Coffee shops serving beverages
NA,Collect materials for recycling
NA,Collection of used food oils
NA,Colleges and university institutes
NA,Commercial and tourist photography activities by all means and methods of photography
Professional and Technical Services,Commercial breaks
NA,Communications cabins
Personal Services,Complementary and alternative medicine complexes
NA,Complete dismantling of large machines and equipment
NA,Conformity verification and certification of food products and facilities
Real Estate and Construction Services,Construction and repair of railway lines
Real Estate and Construction Services,Construction equipment rental with operator
Real Estate and Construction Services,Construction of airstrips
Real Estate and Construction Services,Construction of bridges and tunnels
Real Estate and Construction Services,Construction of dams
Real Estate and Construction Services,Construction of ports and marine structures
Real Estate and Construction Services,"Construction of roads, streets, sidewalks and road supplies"
Real Estate and Construction Services,Construction of swimming pools
Real Estate and Construction Services,Construction project management
NA,Consultation services in providing drug and poison information
NA,Consulting activities in the field of communications and information technology
NA,Consulting activities in the field of computers
NA,"Consulting in the field of investment, financing and real estate"
NA,Consumer commercial complexes
Automative Services,Consumer electronics repair
NA,Consumer finance
NA,Container rental
Personal Services,Copying and photocopying activities
NA,Cosmetics industry
Personal Services,Cow breeding
Personal Services,Cultivation of ornamental plants and nursery seedlings
Wholesale Trade,Customizing mattress pads of various types
Professional and Technical Services,Customs clearance activities
Professional and Technical Services,Cutting and detailing of tents and sails
Real Estate and Construction Services,Cutting and rinsing regular glass
NA,Cutting and sawing marble
Wholesale Trade,Cutting and tailoring of curtains
NA,"Cutting and tailoring sheets, pillowcases, bedspreads, quilts and pillows"
NA,Cutting and writing on metals using laser beams
Food and Beverage Services,"Cutting, packing and wrapping fruits and vegetables"
NA,"Cutting, processing, packing and packaging of meat and poultry"
NA,"Cutting, shaping and preparing stones for use in building, construction and roads"
NA,Cyber security
NA,Daily household hospitality for children during a specified period of time
NA,Data review and audit activities in industrial facilities
NA,Data review and building audit activities
NA,Dealing in securities
NA,Debt Collection
NA,Decorating and wallpapering works
NA,Demolition and removal of buildings and others
Personal Services,Dental laboratories and prosthetics
NA,Deploy ready-made software
Professional and Technical Services,Design and programming special software
NA,Dialysis centers
NA,Directing goods transport vehicles
NA,Disinfection and fumigation activities to exterminate insects and rodents
NA,Distilled water industry
NA,Distributing films to exhibitors and television networks
NA,Distribution and retail sale of electrical energy
Food and Beverage Services,Distribution centers for food and beverages
NA,Drilling tubular water wells
NA,Driverless bus rental
NA,Driverless truck rental
NA,"Driving schools for professional drivers of trucks, buses, etc"
Food and Beverage Services,Dry food stores
NA,Drying and packing dates and manufacturing their products
NA,Economic establishments evaluation activity
NA,Educational and pedagogical consulting activities
NA,Educational transfer
NA,Electric heaters industry
NA,Electric power generation
NA,Electrical equipment repair
NA,Electrical transformer industry
NA,Electronic publishing
NA,Elevator maintenance
NA,"Engineering activities for electrical, excavation, security, safety and chemical projects"
Professional and Technical Services,Engineering and architectural consulting activities
Professional and Technical Services,Engineering and technical activities related to the specialized activities of all branches of engineering
NA,"Engineering consultations for roads, bridges and tunnels"
NA,Engineering consultations for water and sanitation
NA,Engraving and photogravure on metal or plastic zinc graff panels
Retail Services,Entertainment centers
NA,Environmental consulting
NA,Essential oils industry
NA,Establishing and constructing electrical power stations and transformers
NA,Establishing and establishing telecommunications and radar stations and towers
NA,"Establishing irrigation and watering canals, main water storage towers, and digging and maintaining water wells"
NA,Establishing main water distribution stations and lines
NA,"Establishing sewage stations and projects, sewage networks and pumps"
NA,"Establishing the infrastructure for hosting websites on the network, data processing services, and related activities"
NA,Establishment of refining and petrochemical plants and refineries
NA,Evaluation of vehicle accident damage
NA,Exchange centers
Professional and Technical Services,Export activities
Professional and Technical Services,Export and import activities
Professional and Technical Services,"Extending pipes of various types for electricity, communications, etc"
NA,Extension of communications wires
Professional and Technical Services,Extension of electrical wires
Professional and Technical Services,Extension of oil and gas pipelines
NA,Extensions of water lines between and within cities and the establishment and maintenance of new networks
NA,External cleaning of buildings
Food and Beverage Services,Fast food activities include pizza shops
NA,Faux fur industry
NA,Film production includes traditional animation
NA,Financial consulting activities
NA,Financial lease
NA,Financial technology in securities business
NA,Financial technology solutions
NA,"Fire pipe extensions, maintenance and repair"
NA,Firefighting activities at airports
Food and Beverage Services,Fish and seafood grill shops
NA,Food laboratories
NA,Foot and ankle care centers
Professional and Technical Services,Freight brokers
NA,Fresh meat production
NA,Frozen food stores
Hospitality and Tourism,Furnished residential units
Retail Services,Furniture and lumber stores
Professional and Technical Services,Furniture installation
NA,Furniture packaging activities
Professional and Technical Services,Furniture upholstery
NA,"Furniture, glass, utensils, kitchen and tableware rental"
NA,"Gas pipeline extensions, maintenance and repair"
Personal Services,General cleaning of buildings
Real Estate and Construction Services,General construction of government buildings
Real Estate and Construction Services,"General construction of non-residential buildings such as schools, hospitals, hotels etc"
Real Estate and Construction Services,General construction of residential buildings
NA,General documentation activities
Professional and Technical Services,General fare
NA,General insurance
Personal Services,General medical complexes
Retail Services,General stores that include a variety of goods
NA,Geological consulting activities
NA,Geological survey and exploration activities
NA,Geophysical consulting services
NA,Glass crafts industry
Professional and Technical Services,Grain mills
Retail Services,Grocery stores
NA,Ground management and ground supervision services at airports
NA,Ground service equipment maintenance
Hospitality and Tourism,Hajj and Umrah catering providers
NA,Halva industry
NA,Hand embroidery and jacquard
NA,Hearing treatment centers
NA,Higher training institutes
Retail Services,Home furniture retail
Personal Services,Home medical services centers
NA,Hospitality of children at the workplace during a specified period of time
Personal Services,Hospitals
Hospitality and Tourism,Hotels
NA,Hydrated lime industry
Food and Beverage Services,Ice cream shops
Professional and Technical Services,Import activities
NA,Industrial consulting services
NA,Industrial detergents industry
NA,Industrial thread manufacturing includes nylon and polyester
NA,Inspecting and inspecting ships' safety equipment and tools
NA,Inspection and estimation of losses
NA,Inspection and inspection of ships
Professional and Technical Services,Installation and assembly of neon signs
Real Estate and Construction Services,Installation and extension of computer and communications networks
Professional and Technical Services,Installation and extension of television and satellite networks
Real Estate and Construction Services,Installation and maintenance of elevators
Real Estate and Construction Services,Installation and maintenance of fire alarm devices and equipment
Automative Services,Installation and maintenance of firefighting devices and equipment
Real Estate and Construction Services,Installation and maintenance of security devices
Professional and Technical Services,Installation and maintenance of shelving and storage systems
Professional and Technical Services,Installation of agricultural houses
Real Estate and Construction Services,"Installation of aluminum doors, windows, door frames, balustrades, stairs, and kitchens"
Professional and Technical Services,Installation of awnings and screens
Professional and Technical Services,Installation of ceramic and ceramic tiles
Professional and Technical Services,Installation of communications equipment
Real Estate and Construction Services,"Installation of doors, windows, door frames, porches, balustrades, stairs, and metal kitchens"
Automative Services,"Installation of doors, windows, door frames, porches, balustrades, stairs, and wooden kitchens"
Professional and Technical Services,Installation of grain mill activities
Professional and Technical Services,Installation of industrial process control equipment
Professional and Technical Services,Installation of machinery and equipment
Professional and Technical Services,Installation of radiological and medical equipment and devices
Automative Services,"Installation, maintenance and repair of refrigeration and air conditioning systems"
Professional and Technical Services,"Installation, repair and maintenance of automatic doors"
Professional and Technical Services,"Installation, repair and maintenance of central cleaning systems"
Professional and Technical Services,"Installation, repair and maintenance of escalators, conveyor belts and floors"
Real Estate and Construction Services,"Installation, repair and maintenance of thermal and water insulation systems"
NA,Installing and maintaining early warning sirens and their control centers
Real Estate and Construction Services,Installing and maintaining key manufacturing and duplicating machines
Professional and Technical Services,Installing glass and mirrors for buildings
Real Estate and Construction Services,Installing interior ceilings and partitions and covering the walls with wood
NA,Installing lighting systems
Automative Services,Installing thermal insulation for car windows
Real Estate and Construction Services,"Installing, extending, maintaining and repairing air conditioning ducts"
NA,"Installing, maintaining and repairing electrical, gas or oil heating systems"
Professional and Technical Services,"Installing, maintaining and repairing sanitary ware"
Professional and Technical Services,"Installing, maintaining and repairing solar energy networks"
NA,Insurance agency
NA,Insurance brokerage
NA,Integrated circuit industry
Professional and Technical Services,Integrated office administrative services activities
NA,Interface and user experience design
Professional and Technical Services,Interior design activities
NA,Intermediate education for female students using a national curriculum
NA,Intermediate education for students using a national curriculum
NA,Internet cafes
NA,"Irrigation pipe extensions, maintenance and repair"
NA,Irrigation projects Operating irrigation systems for agricultural projects
NA,Issuing international driving licenses and customs traffic books
NA,"Items made of wire such as: barbed wire, expanded mesh fence"
NA,Jet ski rental without driver
NA,Jewelry repair and modification
Food and Beverage Services,Kitchens for preparing banquets and parties
NA,Land maintenance services activities to keep it agriculturally and environmentally suitable
Real Estate and Construction Services,Land transportation of goods
NA,Landscape design services activities
Professional and Technical Services,Language and conversation skills institutes
Personal Services,Law firm and legal consulting activities
NA,"Lifting, handling and loading machinery manufacturing includes elevators, liquid hoists, conveyors and cable cars"
Retail Services,Light vehicle sales agents on commission
NA,Lighting supplies industry
NA,Lightweight steel structure industry
NA,Livestock feed industry
NA,"Loading and unloading goods and passenger luggage, regardless of the means of transport"
NA,Loading and unloading of air cargo aircraft
Wholesale Trade,Local and international parcel transportation
Food and Beverage Services,Local bread making
Professional and Technical Services,Local national commercial banks
Retail Services,Local parcel transportation
Personal Services,Lock making and key making
Professional and Technical Services,Logistics services
NA,Luggage packing activities
NA,Machinery and equipment evaluation activity
Personal Services,Main office activities
NA,Mainframe installation
NA,Maintenance and filling of fire extinguishers
NA,Maintenance of medical devices and supplies
Automative Services,"Maintenance, repair and replacement of heavy vehicle tires"
Automative Services,"Maintenance, repair and replacement of light vehicle tires"
NA,"Make cocoa, chocolate and sugary sweets"
NA,Make meat dishes
Real Estate and Construction Services,Management and leasing of owned or rented non-residential properties
Real Estate and Construction Services,Management and leasing of owned or rented residential properties
NA,Management and rental of self-storage warehouses
Professional and Technical Services,Management consulting activities
NA,Management of subsidiaries of holding companies
Hospitality and Tourism,Management of tourist accommodation facilities
NA,Managing and developing artistic and entertainment talent
NA,Managing and operating cash centers
NA,Managing maintenance and operation operations in buildings and affiliated facilities
NA,Manufacture and assembly of motor vehicle bodies
NA,Manufacture and formation of reinforcing steel bars
NA,Manufacture and installation of garage doors
NA,Manufacture and installation of prefabricated steel structures for industrial facilities
NA,Manufacture and installation of stairs
NA,Manufacture and installation of windows and doors
NA,Manufacture of air conditioning duct extensions
NA,Manufacture of air conditioning ducts and ducted accessories
NA,"Manufacture of alkalis, including caustic soda"
NA,Manufacture of all types of cement tiles and mosaics
NA,Manufacture of aluminum furniture for various purposes and uses
NA,Manufacture of animal-derived glues and other prepared glues based on rubber or plastics
NA,"Manufacture of anti-collision preparations, coolant and anti-freeze preparations, and fluids used in hydraulic transmission fibers."
NA,"Manufacture of blacksmith tools, machetes, clamps, and blowtorches"
NA,"Manufacture of boring, cutting, drilling and tunnel opening machines"
NA,Manufacture of bottles of various types of plastics
NA,Manufacture of boxes and boxes from plastics
Food and Beverage Services,Manufacture of bread and its products using automated bakeries
NA,"Manufacture of breakfast foods from cereals in the form of flakes, including cornflakes chips"
NA,Manufacture of building materials produced from plant materials and agglomerated with cement
NA,"Manufacture of cardboard boxes, folded or single bag boxes, made of paper or corrugated cardboard"
NA,Manufacture of clothes hangers and clips
NA,Manufacture of concentrated feed for animals
NA,Manufacture of copper cables and metal strips
NA,"Manufacture of dolls, doll clothes, toys, audio and musical instruments and related accessories"
NA,Manufacture of electric lamps
NA,Manufacture of electric motors and generators
NA,Manufacture of electrical distribution and control devices
NA,"Manufacture of faucets, valves, valves and similar devices"
NA,Manufacture of fertilizers and nitrogenous compounds
NA,"Manufacture of finished and semi-finished metal products by forging, pressing, casting and rolling"
NA,Manufacture of fixtures for shops and restaurants includes installing decorations and the like
NA,Manufacture of flour and dough for bakeries
NA,Manufacture of freezing and cooling equipment and rooms
Professional and Technical Services,Manufacture of furniture and furniture from wood
NA,"Manufacture of furniture from bamboo, cane and rattan for all uses"
NA,"Manufacture of gateau, petit fours, and all kinds of cakes"
NA,"Manufacture of ground, processed or prepared plant products"
NA,Manufacture of hollow cement blocks and bricks
NA,"Manufacture of hollow metal utensils and similar kitchen and table utensils, grilling and frying utensils"
NA,Manufacture of ice cream or ice cream
NA,"Manufacture of industrial and natural dyeing, coloring and tanning materials"
NA,Manufacture of insulated copper wires and cables
NA,Manufacture of insulating glass items used in construction
NA,Manufacture of insulation and leakage prevention supplies
NA,"Manufacture of iron or steel products by drawing, extrusion or rolling"
NA,Manufacture of jewelry parts
NA,Manufacture of kitchens from wood and aluminium
NA,"Manufacture of marble products such as kitchens, sinks, antiques, basins, statues, sculpture, painting, and the like"
NA,Manufacture of medical needles and syringes or otherwise
NA,Manufacture of men's and women's perfumes
Wholesale Trade,Manufacture of men's clothing
NA,Manufacture of men's leather shoes
NA,"Manufacture of metal containers used in transporting and packaging goods, including barrels, waste and waste containers, buckets, boxes and cans"
NA,"Manufacture of metal fasteners such as nails, pins, nuts and all kinds of washers"
NA,"Manufacture of metal furniture for homes, offices, restaurants and hotels"
NA,Manufacture of metal roofs and their supplies
NA,"Manufacture of metal signs, signals, banners and non-electric signs"
NA,Manufacture of metal structures and their parts
NA,"Manufacture of nets, fishing nets, and collision barriers for ships"
NA,"Manufacture of other textiles such as life jackets, parachutes, buttonholes, and electric blanket fabric"
NA,Manufacture of particleboard and fiberboard using press presses
NA,"Manufacture of partitions, panels, frames and prefabricated buildings from prefabricated concrete"
NA,"Manufacture of parts for generators, engines and electrical power transformers"
NA,Manufacture of pasta of all kinds
NA,Manufacture of pharmaceutical preparations for human use
NA,"Manufacture of pipes, tubes and hollow shapes of iron and steel"
NA,"Manufacture of pipes, tubes, hollow shapes and pipe or pipe fittings"
NA,Manufacture of plastic bags
NA,"Manufacture of plastic pipes, hoses, tubes, fittings and accessories"
NA,"Manufacture of poles and their parts, including lighting poles and cabins and traffic signal poles"
Food and Beverage Services,"Manufacture of popular food bread and raw pastry sheets, including matai"
Professional and Technical Services,Manufacture of precious metals and gemstones
NA,Manufacture of prefabricated buildings composed mainly of metal
NA,Manufacture of prepared meals from vegetables
NA,"Manufacture of pumps installed on internal combustion engines, water pump, fuel oil"
NA,"Manufacture of ready-made men's clothing, such as ready-to-wear clothes, suits, coats and trousers"
NA,Manufacture of ready-mixed and dry concrete mixes has multiple uses
Real Estate and Construction Services,"Manufacture of refractory bricks, blocks and tiles, including refractory cement"
NA,Manufacture of ribbons from woven fabrics
NA,"Manufacture of safety glass, including automobile glass"
NA,"Manufacture of sanitary paper, napkins, cleaning wipes and towels"
Real Estate and Construction Services,"Manufacture of sanitary ware from plastics, including wash basins, showers, and toilets"
NA,"Manufacture of saws, knives, and cutting blades necessary for machines and mechanical devices"
NA,Manufacture of scales and digital plate scales for various purposes
NA,"Manufacture of semi-finished products from plastics, including boards, strips, sheets, tapes, pipes, hoses and their supplies"
NA,Manufacture of semi-trailer vehicles of the caravan type
NA,Manufacture of socks of all kinds
NA,Manufacture of soft drinks
NA,Manufacture of special tanks for transporting liquids
NA,Manufacture of spices and seasoning broths
NA,Manufacture of sponge products
NA,"Manufacture of sports, medical and professional footwear"
NA,Manufacture of statues and ornamental items from concrete or cement
NA,"Manufacture of stone products includes furniture, statues, paintings, ornamental items and the like"
NA,Manufacture of tanks and tanks
NA,Manufacture of testing and inspection equipment
NA,Manufacture of trailer and semi-trailer vehicle parts
NA,Manufacture of trailers mounted on motorized chassis
Professional and Technical Services,"Manufacture of types of gypsum, including frames, engraved frames, statues, vases, and other decorative items"
Food and Beverage Services,Manufacture of various types of popular and oriental sweets
NA,Manufacture of wooden doors and windows
Professional and Technical Services,Manufacturing and detailing of Arab councils
NA,Manufacturing and installing jewelry from precious stones or combined with precious metals
NA,Marble installation
NA,Marine and coastal water transport of various goods
Professional and Technical Services,Market research and opinion polls
NA,Meal serving activities only. Eat the meal outside the store
NA,Measuring and weighing activities
NA,Mechanical engineering consulting
Automative Services,"Mechanical, electrical, plumbing and car painting repair"
NA,Media studies and consultations
NA,Mediating in the employment of Saudis
Professional and Technical Services,Mediating in the recruitment of expatriate workers
Professional and Technical Services,Medical Laboratory
Personal Services,Medical clinics
Retail Services,Medical device and product stores
NA,Medical operation of hospitals
NA,Medical operation of medical complexes and day surgery centers
NA,Medical rehabilitation centers
Professional and Technical Services,Medicine warehouse activities
NA,"Melting, rolling, drawing, purifying and casting of aluminum and its alloys"
Personal Services,Men's gyms and sports centres
Personal Services,Men's salons
NA,Metal processing and polishing
Personal Services,Metal turning
Wholesale Trade,Military clothing industry
NA,Mind making
NA,Mirror glass industry
NA,"Mixing and packaging of perfumes, oils and plants"
NA,Mortgage
NA,Motorcycle and caravan rental
Personal Services,Motorized equipment rental
NA,Movies and video programmes
NA,Moving furniture
NA,Municipal waste collection services
NA,Municipal waste transportation
NA,Network extensions
NA,"News agency activities include the activities of news companies and news agencies that provide news, pictures and newsletters to the media"
NA,"Non-ferrous metal articles, wires, pipes, powders, sheets, sheets"
NA,Non-scheduled air transportation of goods
NA,Non-securities financial advisory activities
NA,Nutrition centers
NA,Nutritional consulting services activities
NA,Occupational therapy center
Real Estate and Construction Services,Operate warehousing facilities for all types of goods
NA,Operating a permanent movie theater
NA,Operating an audio and video studio
NA,Operating and maintaining pumping stations and pipelines
NA,Operating bus stations and cargo handling stations
NA,"Operating canteens and cafeterias on the basis of a specific concession that includes canteens and cafeterias in factories, offices, hospitals, schools, etc."
NA,Operating catering services in sports and similar facilities on a specific franchise basis
NA,Operating entertainment event facilities
NA,Operating exhibition and conference centers and facilities
NA,Operating fixed cinemas
NA,Operating hazardous waste treatment facilities
NA,Operating independent middle education schools with a national curriculum
NA,Operating independent schools teaching kindergarten with a national curriculum
NA,Operating independent schools teaching kindergarten with an international curriculum
NA,Operating sand mines or gravel crushers
NA,Operating sewage treatment networks and facilities
NA,"Operating slaughterhouses, slaughtering and preparing livestock meat"
NA,Operating systems
NA,Operation and maintenance of railway facilities
Real Estate and Construction Services,"Operations carried out on rough stones outside quarries, such as sawing, polishing and grinding"
NA,Organizing and managing crowds
Professional and Technical Services,Organizing and managing exhibitions and conferences
NA,Organizing entertainment events
Hospitality and Tourism,Organizing tourist trips
Hospitality and Tourism,Organizing weddings and special events
NA,Owning real estate and movables necessary for holding companies
Professional and Technical Services,Packing and grinding wheat
NA,Packing and preserving cooked and uncooked legumes through canning
NA,Packing and unloading activities of shipping boxes
NA,Packing sugar includes block sugar
NA,"Packing tea and tea substitutes such as roses, chamomile and wild herbs"
NA,"Packing, grinding and bleaching rice"
Real Estate and Construction Services,Painting and coating works for interior and exterior buildings
NA,Painting and coating works for modern engineering structures
Real Estate and Construction Services,Paints industry
Personal Services,Palaces and halls for weddings and events with accommodation
NA,Paper and corrugated cardboard industry
NA,Paraffin wax production
Professional and Technical Services,Parcel and gift wrapping activities
Personal Services,Passenger car rental without a driver
Professional and Technical Services,Permanent exhibitions of factory products
NA,Pharmaceutical sales agents
Retail Services,Pharmacies
Personal Services,Photography activities
NA,Physical testing and analysis activities
Personal Services,Physiotherapy centres
NA,Pipe industry
NA,Plaster and gypsum industry
NA,Plastering and surveying works
Wholesale Trade,Plastics industry in its primary forms
Automative Services,Polish car polishing
NA,Polishing and polishing tiles and marble
NA,Polyethylene industry
Food and Beverage Services,Popular cafes
NA,Post-harvest crop activities
NA,Pottery and handicrafts trade
NA,Poultry feed industry
NA,Pouring bases and foundations
NA,Pre-school and kindergarten education with a global curriculum
Personal Services,Pre-school and kindergarten education with a national curriculum
Real Estate and Construction Services,Prefabricated building construction on sites
NA,Preparing and preparing sites for excavation and leveling
Food and Beverage Services,Preparing and processing sweets
Professional and Technical Services,Prepress services activities
NA,Preserving fish and fish products by refrigeration or freezing
NA,Preview and inspection of various systems and measurement of their performance
Personal Services,Primary education for female students using a national curriculum
NA,Primary education for female students using an international curriculum
Personal Services,Primary education for students with a national curriculum
NA,Primary education for students with an international curriculum
NA,Primary education for students with special needs using a national curriculum
Personal Services,Private children’s hospitality centres
Real Estate and Construction Services,Private civil security guard
NA,Private family counseling centres
NA,Producing audio recordings on CD
Food and Beverage Services,"Production and bottling of pure, filtered water"
NA,Production and refining of corn oil
NA,Production and refining of olive oil
NA,Production and refining of sesame oil
NA,Production of chilled and frozen meat
NA,Production of coke or carbonated coal
NA,Production of fresh liquid milk and fresh yoghurt
NA,"Production of fresh poultry, rabbit and bird meat"
NA,Production of fruit juices
NA,Production of ice for human use
NA,Production of ice used in refrigeration
NA,"Production of milk chocolate, white and dark chocolate, and other types of chocolate"
NA,Production of radio programs and audio recordings
Real Estate and Construction Services,Production of ready-mixed concrete
NA,"Production of sausages, sausages and hamburgers from meat"
NA,Production of television commercials
NA,Production of types of sawdust
NA,Production of worked gold
NA,Production of worked silver
NA,Providing MVNO services
NA,Providing SMS services
NA,Providing call center services
NA,Providing delivery services via electronic platforms
NA,Providing engineering consulting services in the field of fire prevention and protection
Professional and Technical Services,Providing fixed telecommunications services
Food and Beverage Services,Providing fresh juices and cold drinks
NA,"Providing linens, workers’ allowances, and other related matters provided by laundromats"
NA,"Providing loans, guarantees and financing to subsidiaries of holding companies"
NA,Providing management and monitoring services for communications and information networks
Personal Services,Providing marketing services on behalf of others
NA,Providing mobile communications services
Personal Services,"Providing payment services for points of sale, safe and smart electronic outlets, and automated deposit teller machines"
Professional and Technical Services,Providing senior management consulting services
Hospitality and Tourism,Providing services for Umrah pilgrims and visitors to the Prophet’s Mosque coming from outside the Kingdom
NA,Providing services to domestic pilgrims
NA,Providing services to pilgrims coming from outside the Kingdom
NA,Providing technical services for fire prevention and protection
NA,Providing the Automated Vehicle Management System (AVL) service
NA,Providing wired Internet services
NA,Providing wireless Internet services
NA,Providing wireless data services
NA,Public clerk services
NA,Public relations and communication
Personal Services,Public service activities
Professional and Technical Services,"Publishing paper books, dictionaries, atlases, and maps, which includes: importing and producing written, drawn, or photographed intellectual materials."
NA,Quality and product testing and approval activities
NA,Quarry operation
Professional and Technical Services,Radiator repair
NA,"Raising and breeding pets includes cats, dogs, and birds"
NA,Raising and producing broiler chickens and operating their hatcheries
NA,Ranking in securities
NA,Real estate development of commercial buildings using modern construction methods
NA,Real estate development of residential buildings using modern construction methods
Real Estate and Construction Services,Real estate management activities in exchange for a commission
Real Estate and Construction Services,Real estate valuation
NA,"Receiving and unloading goods and products from conveyors, describing them and arranging them on shelves"
NA,Recycling and reusing municipal waste
NA,Recycling and reusing non-hazardous industrial waste
Professional and Technical Services,Reducing water salinity
Food and Beverage Services,Refrigerated food stores
NA,"Rehabilitating and restructuring the administrative, financial and operational processes of facilities"
NA,Reinsurance brokerage
NA,Relaxation and personal care centres
NA,Remittance centers
NA,"Rental of electrical, electronic and musical appliances and equipment, carts and wheelchairs"
NA,Renting all types of wedding dresses and accessories
NA,Renting and operating strollers and wheelchairs
Hospitality and Tourism,Renting equipment for comfort and pleasure that complements the recreation facilities
Hospitality and Tourism,"Renting event supplies, event tents, wedding booths, etc"
NA,Renting pleasure boats with sailors such as fishing trips
NA,Renting work platforms and scaffolds without installation and dismantling
Professional and Technical Services,"Repair and maintain cooling and air purification devices such as refrigerators, freezers, and air conditioners, regardless of their size"
Professional and Technical Services,Repair and maintain electrical distribution and control devices
Professional and Technical Services,"Repair and maintain electrical transformers for power transmission, distribution, or specialized types"
Professional and Technical Services,Repair and maintain electrically powered hand tools and devices
Professional and Technical Services,"Repair and maintain engines, systems, and fixed and portable information storage devices"
Professional and Technical Services,Repair and maintain multi-use consumable machines
Professional and Technical Services,Repair and maintain pallets and containers used in shipping
Professional and Technical Services,Repair and maintain printers and scanners
Professional and Technical Services,"Repair and maintain screens, keyboard, mouse and other similar accessories"
Professional and Technical Services,"Repair and maintain water distribution stations, networks and main lines"
Professional and Technical Services,Repair and maintenance of agricultural and logging machines
Professional and Technical Services,Repair and maintenance of agricultural tractors
Professional and Technical Services,Repair and maintenance of clutch and transmission devices
Professional and Technical Services,Repair and maintenance of electrical lighting equipment
Professional and Technical Services,Repair and maintenance of electrical power plants and transformers
Professional and Technical Services,"Repair and maintenance of engines, electric generators and steam generating devices"
Professional and Technical Services,Repair and maintenance of fiberglass products
Professional and Technical Services,"Repair and maintenance of firearms and ammunition, including hunting and recreational rifles"
Professional and Technical Services,Repair and maintenance of leather products such as luggage and bags
Wholesale Trade,"Repair and maintenance of machinery for mining, construction, and oil and gas fields"
Professional and Technical Services,Repair and maintenance of metal cutting and shaping equipment
Professional and Technical Services,Repair and maintenance of mobile phones
Automative Services,Repair and maintenance of motorcycles and the like
Professional and Technical Services,"Repair and maintenance of other textile, clothing and leather production equipment"
Professional and Technical Services,Repair and maintenance of personal computers and laptops of all types
Professional and Technical Services,Repair and maintenance of photocopiers
Professional and Technical Services,Repair and maintenance of pipes and pipelines
Professional and Technical Services,Repair and maintenance of pumps and liquid power equipment
Professional and Technical Services,"Repair and maintenance of roads, streets, sidewalks and road supplies"
Professional and Technical Services,"Repair and maintenance of sewage stations and projects, sewage networks and pumps"
Professional and Technical Services,Repair and maintenance of steam-generating boiler parts in ships
Professional and Technical Services,Repair and maintenance of vending machines
Professional and Technical Services,Repair and maintenance of water purifiers
Professional and Technical Services,Repair and maintenance of wireless telephone devices
Professional and Technical Services,Repair metal products by welding them in position
Automative Services,"Repair of household appliances, home and garden equipment"
Professional and Technical Services,Repair of metal handling machinery and equipment
Professional and Technical Services,Repair of metal shipping tanks
Professional and Technical Services,"Repair of tanks, tanks and metal vessels"
Professional and Technical Services,"Repair, maintain and store primary batteries and storage batteries"
Professional and Technical Services,"Repair, maintenance and installation of fuel pumps"
Professional and Technical Services,"Repair, restoration and installation of home furnishings, including office furniture"
Professional and Technical Services,Repairing and modifying watches and their parts
Professional and Technical Services,Repairing sails and sail ropes
NA,Research and development in engineering and technology
NA,Research and development in medical sciences
Food and Beverage Services,Restaurants with service
Real Estate and Construction Services,Restorations of residential and non-residential buildings
Retail Services,"Retail sale and installation of hotel, restaurant, kitchen and automatic laundry equipment"
Retail Services,Retail sale and installation of prefabricated swimming pools
Retail Services,Retail sale and maintenance of cold rooms and refrigerators
Retail Services,Retail sale of CD and DVD recording and playback devices
Retail Services,Retail sale of agricultural equipment and machinery spare parts
Retail Services,Retail sale of agricultural machinery and equipment
Retail Services,Retail sale of agricultural seedlings and nursery plants
Retail Services,Retail sale of airguns and hunting weapons
Retail Services,Retail sale of antique stamps and coins
Retail Services,Retail sale of art supplies for drawing
Retail Services,Retail sale of audio and audio equipment
Retail Services,Retail sale of automobile and motorcycle fuels at gas stations
Retail Services,Retail sale of bags
Food and Beverage Services,Retail sale of bakery products and sugary confectionery
Retail Services,"Retail sale of basic materials for carpets, embroidery and decoration"
Food and Beverage Services,Retail sale of beverages in specialized stores
Retail Services,"Retail sale of blankets, sheets, linens and bedding"
Retail Services,"Retail sale of boats, bicycles, etc"
Retail Services,"Retail sale of books, magazines, newspapers and educational aids"
Retail Services,"Retail sale of building materials includes cement blocks, gypsum, cement tiles etc"
Retail Services,Retail sale of camping equipment
Retail Services,Retail sale of carpets and rugs
Retail Services,"Retail sale of cassette, video and DVD records of all kinds"
Retail Services,"Retail sale of chandeliers, chandeliers, goods used in lighting and their accessories"
Retail Services,Retail sale of children's clothing
Food and Beverage Services,Retail sale of chocolate and cocoa
Retail Services,Retail sale of cleaning supplies
Retail Services,"Retail sale of clothing accessories and accessories includes gloves, ties, suspenders, swimming pools and umbrellas"
Retail Services,Retail sale of commercial art gallery products
Retail Services,Retail sale of computers and accessories including printers and their inks
Retail Services,Retail sale of construction equipment and machinery spare parts
Retail Services,Retail sale of construction wood
Retail Services,Retail sale of cosmetics and decorative soaps
Retail Services,"Retail sale of dairy products, eggs, olives and pickles"
Food and Beverage Services,Retail sale of dates
Retail Services,"Retail sale of decorative products, industrial ceilings, insulating materials and building materials"
Retail Services,Retail sale of electric generators and their supplies
Retail Services,"Retail sale of electric vehicles, wheelchairs and golf carts"
Retail Services,Retail sale of electrical tools and extensions
Retail Services,Retail sale of electronic and electrical household appliances
Retail Services,"Retail sale of elevators, escalators and conveyor belts"
Retail Services,Retail sale of eye examination equipment. Optical stores
Retail Services,"Retail sale of fire prevention and protection devices, equipment and materials"
Retail Services,Retail sale of fish and other seafood and their products
Retail Services,Retail sale of flowers and roses
Food and Beverage Services,Retail sale of food and beverages in kiosks and markets
Food and Beverage Services,Retail sale of fresh and preserved fruits and vegetables
Retail Services,Retail sale of fresh milk
Retail Services,Retail sale of frozen meat and poultry
Retail Services,Retail sale of fuel gas cylinders
Retail Services,Retail sale of games and toys in specialized stores
Retail Services,Retail sale of glass sheets
Retail Services,"Retail sale of handicrafts, antiques and gifts"
Retail Services,Retail sale of home appliances
Food and Beverage Services,Retail sale of honey
Retail Services,Retail sale of horse supplies
Retail Services,Retail sale of household fuels: coal and wood fuel
Retail Services,Retail sale of key making and duplicating machines
Retail Services,Retail sale of laboratory and medical diagnostic equipment
Retail Services,"Retail sale of leather products, leather goods, travel accessories made of leather and leather substitutes"
Retail Services,"Retail sale of live livestock, sheep and camels"
Retail Services,"Retail sale of marble, natural and artificial stone, ceramic and porcelain"
Retail Services,Retail sale of meat and meat products
Retail Services,"Retail sale of medical devices, equipment and supplies"
Retail Services,Retail sale of men's mashaleh items
Retail Services,Retail sale of men's ready-to-wear clothing
Retail Services,Retail sale of metal and iron pipes
Retail Services,Retail sale of mobile phone accessories
Retail Services,Retail sale of mobile phone spare parts
Retail Services,Retail sale of mobile phones
Retail Services,Retail sale of musical instruments
Retail Services,"Retail sale of non-wearable types of textiles and fabrics, such as curtains"
Retail Services,"Retail sale of nuts, coffee, spices and spices"
Retail Services,Retail sale of office furniture
Retail Services,Retail sale of oils and lubricants
Retail Services,Retail sale of oud and incense
Retail Services,Retail sale of packaging equipment and tools
Retail Services,Retail sale of perfumes
Retail Services,"Retail sale of pets, pet foods, ornamental fish and supplies"
Retail Services,Retail sale of photographic cameras and accessories
Retail Services,"Retail sale of pigments, paints, varnishes and adhesives"
Retail Services,Retail sale of poultry and eggs
Retail Services,Retail sale of precious metals and gemstones
Retail Services,Retail sale of prepaid cards of all kinds
Retail Services,Retail sale of preserved ready meals
Retail Services,Retail sale of primary and industrial natural gases
Retail Services,Retail sale of radio and television equipment
Retail Services,Retail sale of ready-made clothing to common stores
Retail Services,Retail sale of ready-made curtains and mosquito nets
Retail Services,Retail sale of sand and gravel of all kinds
Retail Services,"Retail sale of sanitary ware and accessories, such as sinks, chairs, bathtubs, etc., and sauna equipment"
Retail Services,"Retail sale of scrap metal, carpentry and blacksmithing tools and tools"
Retail Services,"Retail sale of security and safety systems includes locks, safes, etc"
Retail Services,Retail sale of security devices
Retail Services,Retail sale of sewing and knitting supplies
Retail Services,Retail sale of shoes
Retail Services,Retail sale of spare parts for air conditioning and refrigeration equipment
Retail Services,Retail sale of spare parts for industrial equipment and machinery
Retail Services,"Retail sale of sports equipment, hunting, bicycles, etc"
Retail Services,Retail sale of sportswear
Retail Services,"Retail sale of stationery, office supplies, newspapers and magazines"
Retail Services,Retail sale of television receivers
Retail Services,Retail sale of tents
Retail Services,Retail sale of textiles and wearable fabrics
Retail Services,"Retail sale of textiles, clothing and shoes in kiosks and markets"
Retail Services,Retail sale of tobacco products in specialized stores and sale of molasses and jarak
Retail Services,Retail sale of trekking and fishing supplies
Retail Services,Retail sale of uniforms
Retail Services,Retail sale of used antiques
Retail Services,Retail sale of used books
Retail Services,Retail sale of used home furniture
Retail Services,Retail sale of used watches of all kinds
Retail Services,"Retail sale of various household items and handicrafts, cutting tools, ceramics, glassware, pottery, etc"
Retail Services,"Retail sale of video games, software and accessories"
Retail Services,Retail sale of wallpaper and floor coverings
Retail Services,Retail sale of watches of all kinds
Retail Services,"Retail sale of water purification devices, equipment and supplies"
Retail Services,"Retail sale of water tanks, such as fiberglass tanks and their accessories"
Retail Services,Retail sale of women's abayas and fur items
Retail Services,Retail sale of women's ready-to-wear clothing
Retail Services,"Retail sale of wood, cork and plastic products"
Retail Services,"Retail sale through automated self-service machines includes coffee and juice machines, etc"
Retail Services,Retail sales to commission agents without stores
Retail Services,"Retail trade and maintenance of construction machinery and equipment, petroleum civil engineering, heavy equipment"
Retail Services,"Retail trade of safety, fire and industrial security equipment includes filling fire extinguishers without carrying out conversion operations"
NA,Revenue cycle management
Professional and Technical Services,Review and audit activities
NA,Review and audit activities to prepare financial statements for tax
NA,"Rewinding the magnetic core of generators, motors and electrical transformers"
NA,Road cleaning activities
Hospitality and Tourism,Roaming ice cream van
NA,Roasting and packing nuts
NA,"Roasting, grinding or packaging coffee"
Personal Services,Sale of veterinary medicines includes veterinary equipment
NA,Sales agents for furniture and household goods
NA,"Sales agents for machines, including office machines, computers, and industrial equipment"
Retail Services,Sales agents in cosmetics
Retail Services,Sales agents in food and beverages
NA,Sales agents in textiles and clothing
Real Estate and Construction Services,Scaffolding installation works
NA,Scheduled air transportation of goods
NA,Scheduled passenger air transportation
NA,Scientific and technical office services for products other than pharmaceutical preparations
NA,Secondary education for female students using a national curriculum
NA,Secondary education for students using a national curriculum
NA,Security consulting
Retail Services,Selling and installing artificial grass
Real Estate and Construction Services,Selling and installing beauty shop equipment and tools
Professional and Technical Services,Selling and installing machinery and factory equipment
Retail Services,Selling artificial ornaments
NA,"Selling buoys, fenders and marine equipment"
NA,"Selling catering tools and equipment includes catering equipment in hotels, hospitals, etc"
NA,Selling electrical and communications cables
NA,Selling laboratory and educational tools
Retail Services,Selling luxuries and selling daggers and silverware
NA,"Selling measurement and control devices, navigation equipment and devices"
NA,"Selling metal, iron and wooden boxes and caravans"
NA,Selling natural medicinal herbs
NA,Selling printing machines and equipment
NA,Selling road service tools and equipment
NA,Selling sewing machines
Retail Services,Selling solar energy devices and equipment
Personal Services,"Selling tools and plastic materials, including bags"
NA,Selling unprepared software upon request
NA,Selling wired and wireless equipment and devices
NA,"Separation and sorting of waste, metal scrap, and types of metals for use as raw materials"
Retail Services,Serviced apartments
NA,"Services related to oil extraction, excluding surveying services"
NA,Settlement of insurance claims
NA,Sewage disposal
NA,Shaving products industry
NA,"Ship supply, excluding fuel in all its forms"
NA,Shipping and dispersal services for goods in general
NA,Shoe repair and maintenance and installation of heels
NA,Show pets
NA,Soap making in all its forms includes dry liquid paste
NA,Social research and studies centres
NA,Social welfare institutions Identification and distribution of social assistance Day care for the disabled Adoption of children Counseling for families and individuals
NA,Software retail
Food and Beverage Services,Special and health food trade
NA,Special fare
NA,"Specialized building cleaning including chimneys, windows, etc"
Professional and Technical Services,Specialized medical complexes
Professional and Technical Services,Specialized transportation
NA,"Speech therapy, speech and swallowing centres"
NA,Sports academies
Personal Services,Sports clubs
NA,Sports equipment repair
NA,Stone installation
Wholesale Trade,"Storage in grain and flour silo warehouses, food and agricultural products stores"
NA,Storage in ports and customs or free zones
Retail Services,Supplies
NA,"Supply of electronics, communications devices, and military command, guidance and control systems"
Professional and Technical Services,Surveying and quantitative services activities
NA,Swap switches
NA,Swimming pool cleaning and maintenance
NA,Systems analysis
NA,TV Shows
NA,TV activities
NA,TV broadcast
NA,Tailoring and sewing of industrial safety clothing
NA,Tailoring and sewing travel supplies
Retail Services,Tailoring and sewing work uniforms
NA,Tailoring and tailoring of sportswear
Personal Services,"Tailoring and tailoring of women's clothing. Women's clothing tailoring stores, such as women's ateliers"
Personal Services,"Tailoring, tailoring and tailoring of Arab men’s clothing. Men’s clothing tailoring and tailoring shops"
Personal Services,"Tailoring, tailoring and weaving of non-Arab men's clothing"
NA,Taxi routing
NA,Teaching martial arts
NA,Teaching swimming
NA,Technical consulting activities in the field of laboratories
NA,Test drilling related to mineral and precious metal exploration
NA,Testing and measuring environmental indicators and operating soil laboratories
NA,Testing and measuring environmental indicators and operating water laboratories
NA,The building supplies industry includes windows and doors
NA,The fiberglass industry includes glass wool
NA,"The manufacture of basic organic chemicals includes acetylene, except for fertilizers and nitrogenous compounds"
NA,The manufacture of three-dimensional display and advertising materials includes puppets
NA,The production of primary gases includes oxygen and hydrogen
Retail Services,The retail sale of building materials scrap includes the trade in scrap iron
NA,The sweets trade includes Omani and Bahraini sweets
NA,Thermal packaging for electronic devices
NA,Timeshare units
Hospitality and Tourism,Tourist lodges
NA,"Towing and roadside assistance activities, including towing broken down vehicles"
NA,Trademark registration
Personal Services,Training centers
Personal Services,Transaction tracking activities
NA,Translation activity
NA,Translation services include linguistic proofreading
Real Estate and Construction Services,Transport of goods and heavy transport equipment
NA,Transport of hazardous medical waste
NA,Transportation of pilgrims
NA,Transportation of refrigerated and frozen goods
NA,Transporting and deporting passengers outside the Kingdom. International passenger transport
NA,"Transporting cash, precious metals and valuable documents"
NA,Transporting liquids or liquid gases
NA,Transporting passengers by buses between cities
NA,Transporting passengers by buses within cities
NA,Treating and coating metals by coloring and cleaning
NA,Treating organic waste for the purpose of disposing of it
Retail Services,Trip supplies rental
NA,Truck rental with driver
NA,Urgent medical care centers
NA,Valve repair and maintenance
Real Estate and Construction Services,Various decoration works and installation
NA,Vehicle parking service
Professional and Technical Services,Veterinary clinic activities
NA,Veterinary laboratories
NA,Virtual and augmented reality technologies
Retail Services,"Washing rugs, carpets, curtains, etc., whether they are washed at the customer’s place or elsewhere"
Personal Services,"Washing, ironing and dry cleaning of various types of clothing, including fur and textiles, including collecting and distributing laundry"
NA,Water Purification
Retail Services,Water pumping equipment for sale
NA,Water tanks industry
NA,Water transportation and distribution
NA,White cheese production
Automative Services,Wholesale and retail sale of car tires and accessories
Wholesale Trade,Wholesale and retail sale of motorcycle spare parts includes affiliate sales and mail order fulfillment agencies
Automative Services,Wholesale and retail sale of motorcycles and small steam engines
Automative Services,"Wholesale and retail sale of new car spare parts and accessories, including car accessories"
Wholesale Trade,Wholesale and retail sale of new heavy transport vehicles such as trailers and heavy lorries
Wholesale Trade,"Wholesale and retail sale of new private cars includes ambulances, minibuses and four-wheel drive vehicles"
Retail Services,Wholesale and retail sale of spare parts for trucks and heavy transport
Automative Services,Wholesale and retail sale of used car spare parts and accessories
Retail Services,"Wholesale and retail sale of used heavy transport vehicles, trailers and semi-lorries"
Wholesale Trade,"Wholesale and retail sale of used private cars includes ambulances, minibuses and four-wheel drive cars"
Automative Services,"Wholesale and retail sale of vehicle batteries, spark plugs and related accessories"
Wholesale Trade,"Wholesale of accounting, statistical and clerical machines, office equipment and supplies"
Wholesale Trade,Wholesale of agricultural equipment and machinery spare parts
Wholesale Trade,Wholesale of agricultural pesticides
Wholesale Trade,Wholesale of all kinds of bottled water
Wholesale Trade,Wholesale of animal oils and fats
Wholesale Trade,Wholesale of arak sticks
Wholesale Trade,Wholesale of automated products using robots
Wholesale Trade,Wholesale of baby care supplies and tools
Wholesale Trade,Wholesale of bags
Wholesale Trade,Wholesale of bakery products
Wholesale Trade,Wholesale of beekeeping and honey collection machines and equipment
Wholesale Trade,"Wholesale of bicycles, spare parts and accessories"
Wholesale Trade,"Wholesale of blankets, ready-made linens and sheets"
Real Estate and Construction Services,"Wholesale of bricks, tiles, stone, marble, ceramic and porcelain"
Food and Beverage Services,Wholesale of carbonated water and juices
Wholesale Trade,Wholesale of carpets and rugs
Wholesale Trade,"Wholesale of cement, plaster and the like"
Wholesale Trade,Wholesale of chandeliers and lighting items
Wholesale Trade,Wholesale of chemicals
Retail Services,Wholesale of children's clothing
Wholesale Trade,Wholesale of children's toys
Wholesale Trade,Wholesale of chocolate and cocoa
Wholesale Trade,"Wholesale of clothing accessories such as gloves, neckties, suspenders, and swimwear"
Wholesale Trade,Wholesale of coffee and tea products
Wholesale Trade,Wholesale of computer equipment and controls
Wholesale Trade,Wholesale of computers and their accessories includes the sale of printers and their inks
Wholesale Trade,"Wholesale of construction, building and civil engineering machinery and equipment"
Wholesale Trade,Wholesale of cosmetics
Wholesale Trade,Wholesale of cosmetics and soaps
Wholesale Trade,Wholesale of dairy products
Wholesale Trade,Wholesale of dates
Wholesale Trade,Wholesale of desalinated water
Wholesale Trade,Wholesale of domestic animal food and feed
Wholesale Trade,Wholesale of dyes and varnishes
Wholesale Trade,Wholesale of educational equipment and aids
Wholesale Trade,Wholesale of eggs and their products
Wholesale Trade,"Wholesale of electric carts, wheelchairs and golf carts"
Wholesale Trade,Wholesale of electronic and electrical household appliances
Wholesale Trade,"Wholesale of electronic games, including import"
Wholesale Trade,"Wholesale of elevators, escalators and moving belts"
Wholesale Trade,"Wholesale of environmental laboratory devices and tools, including import"
Wholesale Trade,Wholesale of feed and non-pharmaceutical feed additives
Wholesale Trade,"Wholesale of fire prevention and protection devices, equipment and materials"
Wholesale Trade,Wholesale of fish and aquatic life
Wholesale Trade,Wholesale of fish products
Wholesale Trade,Wholesale of flowers
Wholesale Trade,Wholesale of food and beverages
Wholesale Trade,Wholesale of frozen meat and poultry
Wholesale Trade,Wholesale of fruits
Wholesale Trade,Wholesale of gaseous fuels
Wholesale Trade,Wholesale of generators and electrical transformers
Wholesale Trade,Wholesale of gifts and luxuries
Wholesale Trade,Wholesale of glass sheets
Wholesale Trade,Wholesale of home furniture and furniture
Wholesale Trade,Wholesale of honey
Wholesale Trade,Wholesale of horse supplies
Wholesale Trade,Wholesale of household utensils and table accessories
Wholesale Trade,Wholesale of ice
Wholesale Trade,Wholesale of industrial machinery includes the sale of quarries and sawmills
Wholesale Trade,"Wholesale of insulating, filling and installation materials"
Wholesale Trade,Wholesale of iron and locksmith tools
Wholesale Trade,Wholesale of key making and duplicating machines
Wholesale Trade,Wholesale of leather goods and travel accessories
Wholesale Trade,Wholesale of liquid fuels includes the sale of crude petroleum and petroleum refined products
Wholesale Trade,Wholesale of lubricants and refined petroleum products
Wholesale Trade,"Wholesale of machines and tractors used in agriculture, landscaping and grass cutting"
Wholesale Trade,Wholesale of measuring equipment
Wholesale Trade,Wholesale of meat and meat products
Wholesale Trade,Wholesale of meat products
Wholesale Trade,"Wholesale of medical devices, equipment and supplies"
Wholesale Trade,Wholesale of men's clothing
Wholesale Trade,Wholesale of men's fabrics
Wholesale Trade,"Wholesale of men's scarves, fur and its types"
Wholesale Trade,"Wholesale of metal accessories, locks, hinges, etc"
Wholesale Trade,Wholesale of metal and iron pipes
Professional and Technical Services,"Wholesale of metal and iron strips, extrusions and blocks"
Wholesale Trade,"Wholesale of metal industrial roofs, doors, windows and metal products"
Wholesale Trade,Wholesale of mobile phone accessories
Wholesale Trade,Wholesale of mobile phone spare parts
Wholesale Trade,Wholesale of musical instruments
Wholesale Trade,"Wholesale of office equipment and machines, except computers and their accessories"
Real Estate and Construction Services,Wholesale of office furniture
Wholesale Trade,Wholesale of office supplies and stationery
Wholesale Trade,Wholesale of oud and incense
Wholesale Trade,Wholesale of packaging equipment and tools
Wholesale Trade,Wholesale of papers and paper rolls
Wholesale Trade,Wholesale of perfumes
Wholesale Trade,Wholesale of pesticides
Wholesale Trade,Wholesale of pharmaceutical goods
Wholesale Trade,"Wholesale of photographic and optical goods, eyeglasses, magnifiers and binoculars"
Wholesale Trade,Wholesale of photographic cameras and accessories
Wholesale Trade,"Wholesale of pollution control technology devices and supplies, including import"
Retail Services,Wholesale of precious metals and gemstones
Wholesale Trade,Wholesale of prepaid cards
Wholesale Trade,"Wholesale of primary plastics, rubber and synthetic fibres"
Wholesale Trade,Wholesale of ready-made clothes
Wholesale Trade,"Wholesale of sanitary ware, extensions, water heaters and tanks"
Wholesale Trade,Wholesale of security devices
Wholesale Trade,Wholesale of security equipment and supplies for government competitions only
Wholesale Trade,Wholesale of semiconductors
Wholesale Trade,Wholesale of sewing machines
Wholesale Trade,Wholesale of sewing supplies
Wholesale Trade,Wholesale of shoes
Wholesale Trade,Wholesale of soaps and detergents
Wholesale Trade,Wholesale of software includes import
Wholesale Trade,"Wholesale of solid fuels, including coal, coal, wood and naphtha"
Wholesale Trade,Wholesale of spare parts for air conditioning and refrigeration equipment
Wholesale Trade,"Wholesale of spare parts for communications equipment and electronic parts, including electronic tubes and integrated and printed electrical circuits."
Wholesale Trade,Wholesale of spare parts for construction equipment and machinery
Professional and Technical Services,Wholesale of spare parts for industrial equipment and machinery
Wholesale Trade,Wholesale of spices
Wholesale Trade,Wholesale of sporting goods and equipment
Wholesale Trade,Wholesale of sportswear
Wholesale Trade,Wholesale of sugar and its products
Wholesale Trade,Wholesale of telephones and communication equipment
Wholesale Trade,Wholesale of textile raw materials
Wholesale Trade,Wholesale of textiles and fabrics of all types other than apparel
Wholesale Trade,"Wholesale of tobacco products, including hookah and cigarette accessories"
Wholesale Trade,"Wholesale of tools and hand tools such as screwdrivers, saws, hammers, etc"
Wholesale Trade,Wholesale of traffic safety devices
Wholesale Trade,Wholesale of uniforms
Wholesale Trade,Wholesale of used spare parts at the end of their life after dismantling them to obtain usable spare parts and benefit from selling them for televisions.
Wholesale Trade,Wholesale of vegetable oils
Wholesale Trade,Wholesale of vegetables
Wholesale Trade,Wholesale of wallpaper and floor coverings
Retail Services,Wholesale of watches
Wholesale Trade,Wholesale of water tanks includes fiberglass tanks and accessories
Wholesale Trade,"Wholesale of wires, electrical switches and wiring equipment"
Wholesale Trade,Wholesale of women's clothing
Wholesale Trade,Wholesale of women's fabrics
Wholesale Trade,Wholesale of wood of all kinds
Wholesale Trade,"Wholesale of wooden, cork and plastic products"
Wholesale Trade,Wholesale sale of used and end-of-life spare parts after dismantling them to obtain usable spare parts and benefit from selling them for computers.
Automative Services,Wholesale sale of used spare parts and their end-of-life after dismantling them to obtain usable spare parts and benefit from selling them for cars.
Retail Services,Wholesale sale of women's abayas
NA,Withdrawal of groundwater and drying of sites
Personal Services,Women's gyms and sports centres
Personal Services,Women's salons
NA,Wood parquet floor covering
Real Estate and Construction Services,Wooden decoration works
NA,Wooden pallet industry
NA,"Working with coin-operated devices that provide personal services includes photographic devices, weight measuring devices, coin-operated safes, and others"
NA,Workshops for welding and polishing jewellery
NA,Zoos
NA,computer games
NA,health insurance
NA,hotel Apartments
Professional and Technical Services,printing
Wholesale Trade,re Insurance
